Method,Name,Error,Occurrences
PUT,set_key_18,[Errno 61] Connection refused,1
GET,/get/key_8,[Errno 61] Connection refused,1
PUT,set_key_98,[Errno 61] Connection refused,1
PUT,set_key_85,[Errno 61] Connection refused,1
GET,/get/key_81,[Errno 61] Connection refused,1
GET,/get/key_90,[Errno 61] Connection refused,1
PUT,set_key_44,[Errno 61] Connection refused,1
GET,/get/key_44,[Errno 61] Connection refused,1
PUT,set_key_95,[Errno 61] Connection refused,1
PUT,set_key_8,[Errno 61] Connection refused,1
GET,/get/key_45,[Errno 61] Connection refused,1
PUT,set_key_60,[Errno 61] Connection refused,2
PUT,set_key_96,[Errno 61] Connection refused,1
PUT,set_key_49,[Errno 61] Connection refused,1
PUT,set_key_41,[Errno 61] Connection refused,1
GET,/get/key_99,[Errno 61] Connection refused,1
PUT,set_key_70,[Errno 61] Connection refused,1
PUT,set_key_61,[Errno 61] Connection refused,1
PUT,set_key_35,[Errno 61] Connection refused,1
PUT,set_key_19,[Errno 61] Connection refused,2
PUT,set_key_99,[Errno 61] Connection refused,2
PUT,set_key_82,[Errno 61] Connection refused,1
PUT,set_key_90,[Errno 61] Connection refused,1
PUT,set_key_45,[Errno 61] Connection refused,1
PUT,set_key_73,[Errno 61] Connection refused,1
PUT,set_key_58,[Errno 61] Connection refused,2
GET,/get/key_85,[Errno 61] Connection refused,1
GET,/get/key_62,[Errno 61] Connection refused,1
PUT,set_key_27,[Errno 61] Connection refused,1
PUT,set_key_100,[Errno 61] Connection refused,1
PUT,set_key_88,[Errno 61] Connection refused,1
PUT,set_key_94,[Errno 61] Connection refused,1
PUT,set_key_81,[Errno 61] Connection refused,1
PUT,set_key_80,[Errno 61] Connection refused,2
GET,/get/key_70,[Errno 61] Connection refused,1
PUT,set_key_6,[Errno 61] Connection refused,1
PUT,set_key_62,[Errno 61] Connection refused,2
PUT,set_key_76,[Errno 61] Connection refused,1
PUT,set_key_42,[Errno 61] Connection refused,2
